{"cameraMode":{"drawMode":0,"name":"Shaded","section":"Shading Mode"},"sceneLighting":false,"audioPlay":false,"sceneViewState":{"m_AlwaysRefresh":false,"showFog":true,"showSkybox":false,"showFlares":true,"showImageEffects":true,"showParticleSystems":true,"showVisualEffectGraphs":true,"m_FxEnabled":true},"in2DMode":false,"pivot":{"x":-0.08010679483413696,"y":1.4849963188171387,"z":0.3769186735153198},"rotation":{"x":-0.18502922356128694,"y":-0.5462669134140015,"z":0.12520597875118257,"w":-0.8072774410247803},"size":2.3353731632232668,"orthographic":false}