{"cameraMode":{"drawMode":0,"name":"Shaded","section":"Shading Mode"},"sceneLighting":false,"audioPlay":false,"sceneViewState":{"m_AlwaysRefresh":false,"showFog":true,"showSkybox":false,"showFlares":true,"showImageEffects":true,"showParticleSystems":true,"showVisualEffectGraphs":true,"m_FxEnabled":true},"in2DMode":false,"pivot":{"x":-0.0655968189239502,"y":2.7809109687805177,"z":0.09810018539428711},"rotation":{"x":0.2941761314868927,"y":0.2909601628780365,"z":-0.09463932365179062,"w":0.905636191368103},"size":27.542530059814454,"orthographic":false}