{"cameraMode":{"drawMode":0,"name":"Shaded","section":"Shading Mode"},"sceneLighting":false,"audioPlay":false,"sceneViewState":{"m_AlwaysRefresh":false,"showFog":true,"showSkybox":false,"showFlares":true,"showImageEffects":true,"showParticleSystems":true,"showVisualEffectGraphs":true,"m_FxEnabled":true},"in2DMode":false,"pivot":{"x":3.6000099182128908,"y":21.54335594177246,"z":2.4683666229248049},"rotation":{"x":0.19209998846054078,"y":0.47162172198295596,"z":-0.10589449852705002,"w":0.8542851209640503},"size":28.234975814819337,"orthographic":false}