{"cameraMode":{"drawMode":0,"name":"Shaded","section":"Shading Mode"},"sceneLighting":false,"audioPlay":false,"sceneViewState":{"m_AlwaysRefresh":false,"showFog":true,"showSkybox":false,"showFlares":true,"showImageEffects":true,"showParticleSystems":true,"showVisualEffectGraphs":true,"m_FxEnabled":true},"in2DMode":false,"pivot":{"x":0.10087060928344727,"y":2.4756033420562746,"z":-0.12090587615966797},"rotation":{"x":-0.003225198481231928,"y":-0.9620078802108765,"z":0.01219795923680067,"w":-0.2733081877231598},"size":32.95716094970703,"orthographic":false}