{"cameraMode":{"drawMode":0,"name":"Shaded","section":"Shading Mode"},"sceneLighting":false,"audioPlay":false,"sceneViewState":{"m_AlwaysRefresh":false,"showFog":true,"showSkybox":false,"showFlares":true,"showImageEffects":true,"showParticleSystems":true,"showVisualEffectGraphs":true,"m_FxEnabled":true},"in2DMode":false,"pivot":{"x":-0.7244020700454712,"y":-7.144014358520508,"z":-51.06414794921875},"rotation":{"x":0.00008523160795448348,"y":-0.9971456527709961,"z":0.0785495862364769,"w":-0.0008269967511296272},"size":56.83453369140625,"orthographic":false}