{"cameraMode":{"drawMode":0,"name":"Shaded","section":"Shading Mode"},"sceneLighting":true,"audioPlay":false,"sceneViewState":{"m_AlwaysRefresh":false,"showFog":true,"showSkybox":true,"showFlares":true,"showImageEffects":true,"showParticleSystems":true,"showVisualEffectGraphs":true,"m_FxEnabled":true},"in2DMode":false,"pivot":{"x":26.950836181640626,"y":7.067543029785156,"z":-27.902565002441408},"rotation":{"x":0.2861802577972412,"y":-0.48821404576301577,"z":0.17330637574195863,"w":0.8061590194702148},"size":62.18407440185547,"orthographic":false}