{"cameraMode":{"drawMode":0,"name":"Shaded","section":"Shading Mode"},"sceneLighting":true,"audioPlay":false,"sceneViewState":{"m_AlwaysRefresh":false,"showFog":true,"showSkybox":true,"showFlares":true,"showImageEffects":true,"showParticleSystems":true,"showVisualEffectGraphs":true,"m_FxEnabled":true},"in2DMode":false,"pivot":{"x":73.55934143066406,"y":64.77449798583985,"z":15.264126777648926},"rotation":{"x":-0.004133753944188356,"y":0.9444566965103149,"z":-0.3289031684398651,"w":-0.011379370465874672},"size":915.0337524414063,"orthographic":false}