{"cameraMode":{"drawMode":0,"name":"Shaded","section":"Shading Mode"},"sceneLighting":true,"audioPlay":false,"sceneViewState":{"m_AlwaysRefresh":false,"showFog":true,"showSkybox":true,"showFlares":true,"showImageEffects":true,"showParticleSystems":true,"showVisualEffectGraphs":true,"m_FxEnabled":true},"in2DMode":false,"pivot":{"x":-124.63402557373047,"y":-9.751956939697266,"z":-162.81027221679688},"rotation":{"x":-0.020231176167726518,"y":0.9595962166786194,"z":-0.06969329714775086,"w":-0.27295246720314028},"size":192.72555541992188,"orthographic":false}