{"cameraMode":{"drawMode":0,"name":"Shaded","section":"Shading Mode"},"sceneLighting":false,"audioPlay":false,"sceneViewState":{"m_AlwaysRefresh":false,"showFog":true,"showSkybox":false,"showFlares":true,"showImageEffects":true,"showParticleSystems":true,"showVisualEffectGraphs":true,"m_FxEnabled":true},"in2DMode":false,"pivot":{"x":0.060286760330200198,"y":3.4484591484069826,"z":0.14460968971252442},"rotation":{"x":0.19241803884506226,"y":-0.07124931365251541,"z":0.013881716877222062,"w":0.978736937046051},"size":4.869848728179932,"orthographic":false}